{
  "classification_report": {
    "anger": {
      "precision": 0.3708609271523179,
      "recall": 0.509090909090909,
      "f1-score": 0.42911877394636017,
      "support": 110.0
    },
    "disgust": {
      "precision": 0.0,
      "recall": 0.0,
      "f1-score": 0.0,
      "support": 104.0
    },
    "excited": {
      "precision": 0.0,
      "recall": 0.0,
      "f1-score": 0.0,
      "support": 4.0
    },
    "fear": {
      "precision": 0.0,
      "recall": 0.0,
      "f1-score": 0.0,
      "support": 185.0
    },
    "frustration": {
      "precision": 0.022900763358778626,
      "recall": 0.05,
      "f1-score": 0.031413612565445025,
      "support": 60.0
    },
    "happy": {
      "precision": 0.20833333333333334,
      "recall": 0.05847953216374269,
      "f1-score": 0.091324200913242,
      "support": 171.0
    },
    "neutral": {
      "precision": 0.034482758620689655,
      "recall": 0.05555555555555555,
      "f1-score": 0.0425531914893617,
      "support": 108.0
    },
    "sadness": {
      "precision": 0.0,
      "recall": 0.0,
      "f1-score": 0.0,
      "support": 11.0
    },
    "surprise": {
      "precision": 0.0,
      "recall": 0.0,
      "f1-score": 0.0,
      "support": 0.0
    },
    "accuracy": 0.099601593625498,
    "macro avg": {
      "precision": 0.07073086471834661,
      "recall": 0.07479177742335635,
      "f1-score": 0.06604553099048988,
      "support": 753.0
    },
    "weighted avg": {
      "precision": 0.10825748435500156,
      "recall": 0.099601593625498,
      "f1-score": 0.09203195873179518,
      "support": 753.0
    }
  },
  "confusion_matrix": [
    [
      56,
      0,
      3,
      0,
      27,
      3,
      14,
      3,
      4
    ],
    [
      14,
      0,
      46,
      0,
      6,
      8,
      15,
      9,
      6
    ],
    [
      0,
      0,
      0,
      4,
      0,
      0,
      0,
      0,
      0
    ],
    [
      44,
      0,
      11,
      0,
      60,
      4,
      42,
      16,
      8
    ],
    [
      5,
      0,
      12,
      0,
      3,
      18,
      12,
      8,
      2
    ],
    [
      22,
      0,
      11,
      2,
      18,
      10,
      83,
      17,
      8
    ],
    [
      9,
      0,
      7,
      1,
      16,
      5,
      6,
      61,
      3
    ],
    [
      1,
      0,
      0,
      0,
      1,
      0,
      2,
      0,
      7
    ],
    [
      0,
      0,
      0,
      0,
      0,
      0,
      0,
      0,
      0
    ]
  ]
}