{
  "classification_report": {
    "neutral": {
      "precision": 0.8123044838373306,
      "recall": 0.6202229299363057,
      "f1-score": 0.7033860045146727,
      "support": 1256.0
    },
    "joy": {
      "precision": 0.5544303797468354,
      "recall": 0.5447761194029851,
      "f1-score": 0.5495608531994981,
      "support": 402.0
    },
    "sadness": {
      "precision": 0.2619047619047619,
      "recall": 0.3701923076923077,
      "f1-score": 0.30677290836653387,
      "support": 208.0
    },
    "anger": {
      "precision": 0.484,
      "recall": 0.3507246376811594,
      "f1-score": 0.40672268907563025,
      "support": 345.0
    },
    "fear": {
      "precision": 0.0755813953488372,
      "recall": 0.26,
      "f1-score": 0.11711711711711711,
      "support": 50.0
    },
    "surprise": {
      "precision": 0.45549738219895286,
      "recall": 0.6192170818505338,
      "f1-score": 0.5248868778280543,
      "support": 281.0
    },
    "disgust": {
      "precision": 0.17721518987341772,
      "recall": 0.4117647058823529,
      "f1-score": 0.24778761061946902,
      "support": 68.0
    },
    "accuracy": 0.5406130268199234,
    "macro avg": {
      "precision": 0.40299051327287655,
      "recall": 0.4538425403493778,
      "f1-score": 0.40803343724585367,
      "support": 2610.0
    },
    "weighted avg": {
      "precision": 0.6162513800424696,
      "recall": 0.5406130268199234,
      "f1-score": 0.5665528748565601,
      "support": 2610.0
    }
  },
  "confusion_matrix": [
    [
      779,
      81,
      143,
      35,
      78,
      100,
      40
    ],
    [
      53,
      219,
      28,
      25,
      13,
      39,
      25
    ],
    [
      41,
      18,
      77,
      20,
      28,
      12,
      12
    ],
    [
      46,
      44,
      22,
      121,
      29,
      50,
      33
    ],
    [
      9,
      4,
      8,
      9,
      13,
      4,
      3
    ],
    [
      21,
      27,
      6,
      29,
      7,
      174,
      17
    ],
    [
      10,
      2,
      10,
      11,
      4,
      3,
      28
    ]
  ]
}